<scene>
    <group>
        <model file="sphere.3d"/>
        <group>
            <translate Y="1" />
            <scale X="0.5" Y="0.5" Z="0.5" />
            <model file="sphere.3d" />
            <group>
                <translate X="0.5" Z="0.75" Y="0.25" />
                <scale X="0.3" Y="0.3" Z="0.3" />
                <model file="sphere.3d" />
            </group>
            <group>
                <translate X="-0.5" Z="0.75" Y="0.25" />
                <scale X="0.3" Y="0.3" Z="0.3" />
                <model file="sphere.3d"/>
            </group>
            <group>
                <rotate ANGLE="90" axisX="1" axisY="0" axisZ="0"/>
                <scale X="0.5" Y="1" Z="0.5" />
                <model file="cone.3d"/>
            </group>
        </group>
    </group>
</scene>

